Id,Expected
Organic_0.jpg,Organic
Organic_1.jpg,Organic
Organic_10.jpg,Other
Organic_100.jpg,Organic
Organic_1000.jpg,Organic
Organic_1001.jpg,Organic
Organic_1002.jpg,Organic
Organic_1003.jpg,Organic
Organic_1004.jpg,Organic
Organic_1005.jpg,Organic
Organic_1006.jpg,Organic
Organic_1007.jpg,Organic
Organic_1008.jpg,Organic
Organic_1009.jpg,Organic
Organic_101.jpg,Organic
Organic_1010.jpg,Organic
Organic_1011.jpg,Organic
Organic_1012.jpg,Organic
Organic_1013.jpg,Organic
Organic_1014.jpg,Organic
Organic_1015.jpg,Organic
Organic_1016.jpg,Organic
Organic_1017.jpg,Organic
Organic_1018.jpg,Organic
Organic_1019.jpg,Organic
Organic_102.jpg,Organic
Organic_1020.jpg,Organic
Organic_1021.jpg,Organic
Organic_1022.jpg,Organic
Organic_1023.jpg,Organic
Organic_1024.jpg,Organic
Organic_1025.jpg,Organic
Organic_1026.jpg,Organic
Organic_1027.jpg,Organic
Organic_1028.jpg,Organic
Organic_1029.jpg,Organic
Organic_103.jpg,Organic
Organic_1030.jpg,Organic
Organic_1031.jpg,Organic
Organic_1032.jpg,Organic
Organic_1033.jpg,Organic
Organic_1034.jpg,Organic
Organic_1035.jpg,Organic
Organic_1036.jpg,Organic
Organic_1037.jpg,Organic
Organic_1038.jpg,Organic
Organic_1039.jpg,Organic
Organic_104.jpg,Organic
Organic_1040.jpg,Organic
Organic_1041.jpg,Organic
Organic_1042.jpg,Organic
Organic_1043.jpg,Organic
Organic_1044.jpg,Organic
Organic_1045.jpg,Organic
Organic_1046.jpg,Organic
Organic_1047.jpg,Organic
Organic_1048.jpg,Organic
Organic_1049.jpg,Organic
Organic_105.jpg,Organic
Organic_1050.jpg,Organic
Organic_1051.jpg,Organic
Organic_1052.jpg,Organic
Organic_1053.jpg,Organic
Organic_1054.jpg,Organic
Organic_1055.jpg,Organic
Organic_1056.jpg,Organic
Organic_1057.jpg,Organic
Organic_1058.jpg,Organic
Organic_1059.jpg,Organic
Organic_106.jpg,Organic
Organic_1060.jpg,Organic
Organic_1061.jpg,Organic
Organic_1062.jpg,Organic
Organic_1063.jpg,Organic
Organic_1064.jpg,Organic
Organic_1065.jpg,Organic
Organic_1066.jpg,Organic
Organic_1067.jpg,Organic
Organic_1068.jpg,Organic
Organic_1069.jpg,Organic
Organic_107.jpg,Organic
Organic_1070.jpg,Organic
Organic_1071.jpg,Organic
Organic_1072.jpg,Organic
Organic_1073.jpg,Organic
Organic_1074.jpg,Organic
Organic_1075.jpg,Organic
Organic_1076.jpg,Organic
Organic_1077.jpg,Organic
Organic_1078.jpg,Organic
Organic_1079.jpg,Organic
Organic_108.jpg,Organic
Organic_1080.jpg,Organic
Organic_1081.jpg,Organic
Organic_1082.jpg,Organic
Organic_1083.jpg,Organic
Organic_1084.jpg,Organic
Organic_1085.jpg,Organic
Organic_1086.jpg,Organic
Organic_1087.jpg,Organic
Organic_1088.jpg,Organic
Organic_1089.jpg,Organic
Organic_109.jpg,Organic
Organic_1090.jpg,Organic
Organic_1091.jpg,Organic
Organic_1092.jpg,Organic
Organic_1093.jpg,Organic
Organic_1094.jpg,Organic
Organic_1095.jpg,Organic
Organic_1096.jpg,Organic
Organic_1097.jpg,Organic
Organic_1098.jpg,Organic
Organic_1099.jpg,Organic
Organic_11.jpg,Organic
Organic_110.jpg,Organic
Organic_1100.jpg,Organic
Organic_1101.jpg,Organic
Organic_1102.jpg,Organic
Organic_1103.jpg,Organic
Organic_1104.jpg,Organic
Organic_1105.jpg,Organic
Organic_1106.jpg,Organic
Organic_1107.jpg,Organic
Organic_1108.jpg,Organic
Organic_1109.jpg,Organic
Organic_111.jpg,Organic
Organic_1110.jpg,Organic
Organic_1111.jpg,Organic
Organic_1112.jpg,Organic
Organic_1113.jpg,Organic
Organic_1114.jpg,Organic
Organic_1115.jpg,Organic
Organic_1116.jpg,Organic
Organic_1117.jpg,Organic
Organic_1118.jpg,Organic
Organic_1119.jpg,Organic
Organic_112.jpg,Organic
Organic_1120.jpg,Organic
Organic_1121.jpg,Organic
Organic_1122.jpg,Recycle
Organic_1123.jpg,Organic
Organic_1124.jpg,Organic
Organic_1125.jpg,Organic
Organic_1126.jpg,Organic
Organic_1127.jpg,Organic
Organic_1128.jpg,Organic
Organic_1129.jpg,Organic
Organic_113.jpg,Organic
Organic_1130.jpg,Organic
Organic_1131.jpg,Organic
Organic_1132.jpg,Organic
Organic_1133.jpg,Organic
Organic_1134.jpg,Organic
Organic_1135.jpg,Organic
Organic_1136.jpg,Organic
Organic_1137.jpg,Organic
Organic_1138.jpg,Organic
Organic_1139.jpg,Organic
Organic_114.jpg,Organic
Organic_1140.jpg,Organic
Organic_1141.jpg,Organic
Organic_1142.jpg,Organic
Organic_1143.jpg,Organic
Organic_1144.jpg,Organic
Organic_1145.jpg,Organic
Organic_1146.jpg,Organic
Organic_1147.jpg,Organic
Organic_1148.jpg,Organic
Organic_1149.jpg,Organic
Organic_115.jpg,Organic
Organic_1150.jpg,Organic
Organic_1151.jpg,Organic
Organic_1152.jpg,Organic
Organic_1153.jpg,Organic
Organic_1154.jpg,Organic
Organic_1155.jpg,Organic
Organic_1156.jpg,Organic
Organic_1157.jpg,Organic
Organic_1158.jpg,Organic
Organic_1159.jpg,Organic
Organic_116.jpg,Organic
Organic_1160.jpg,Organic
Organic_1161.jpg,Organic
Organic_1162.jpg,Organic
Organic_1163.jpg,Organic
Organic_1164.jpg,Organic
Organic_1165.jpg,Organic
Organic_1166.jpg,Organic
Organic_1167.jpg,Organic
Organic_1168.jpg,Organic
Organic_1169.jpg,Organic
Organic_117.jpg,Organic
Organic_1170.jpg,Organic
Organic_1171.jpg,Organic
Organic_1172.jpg,Organic
Organic_1173.jpg,Organic
Organic_1174.jpg,Organic
Organic_1175.jpg,Organic
Organic_1176.jpg,Organic
Organic_1177.jpg,Organic
Organic_1178.jpg,Organic
Organic_1179.jpg,Organic
Organic_118.jpg,Organic
Organic_1180.jpg,Organic
Organic_1181.jpg,Organic
Organic_1182.jpg,Organic
Organic_1183.jpg,Organic
Organic_1184.jpg,Organic
Organic_1185.jpg,Organic
Organic_1186.jpg,Organic
Organic_1187.jpg,Organic
Organic_1188.jpg,Organic
Organic_1189.jpg,Organic
Organic_119.jpg,Organic
Organic_1190.jpg,Organic
Organic_1191.jpg,Organic
Organic_1192.jpg,Organic
Organic_1193.jpg,Organic
Organic_1194.jpg,Organic
Organic_1195.jpg,Organic
Organic_1196.jpg,Organic
Organic_1197.jpg,Organic
Organic_1198.jpg,Organic
Organic_1199.jpg,Organic
Organic_12.jpg,Organic
Organic_120.jpg,Organic
Organic_1200.jpg,Organic
Organic_1201.jpg,Organic
Organic_1202.jpg,Organic
Organic_1203.jpg,Organic
Organic_1204.jpg,Organic
Organic_1205.jpg,Organic
Organic_1206.jpg,Organic
Organic_1207.jpg,Organic
Organic_1208.jpg,Organic
Organic_1209.jpg,Organic
Organic_121.jpg,Organic
Organic_1210.jpg,Organic
Organic_1211.jpg,Organic
Organic_1212.jpg,Organic
Organic_1213.jpg,Organic
Organic_1214.jpg,Organic
Organic_1215.jpg,Organic
Organic_1216.jpg,Organic
Organic_1217.jpg,Organic
Organic_1218.jpg,Organic
Organic_1219.jpg,Organic
Organic_122.jpg,Organic
Organic_1220.jpg,Organic
Organic_1221.jpg,Organic
Organic_1222.jpg,Organic
Organic_1223.jpg,Organic
Organic_1224.jpg,Organic
Organic_1225.jpg,Organic
Organic_1226.jpg,Organic
Organic_1227.jpg,Organic
Organic_1228.jpg,Organic
Organic_1229.jpg,Organic
Organic_123.jpg,Organic
Organic_1230.jpg,Organic
Organic_1231.jpg,Organic
Organic_1232.jpg,Organic
Organic_1233.jpg,Organic
Organic_1234.jpg,Organic
Organic_1235.jpg,Organic
Organic_1236.jpg,Organic
Organic_1237.jpg,Organic
Organic_1238.jpg,Organic
Organic_1239.jpg,Organic
Organic_124.jpg,Organic
Organic_1240.jpg,Organic
Organic_1241.jpg,Organic
Organic_1242.jpg,Organic
Organic_1243.jpg,Organic
Organic_1244.jpg,Organic
Organic_1245.jpg,Organic
Organic_1246.jpg,Organic
Organic_1247.jpg,Organic
Organic_1248.jpg,Organic
Organic_1249.jpg,Organic
Organic_125.jpg,Organic
Organic_1250.jpg,Organic
Organic_1251.jpg,Organic
Organic_1252.jpg,Organic
Organic_1253.jpg,Organic
Organic_1254.jpg,Organic
Organic_1255.jpg,Organic
Organic_1256.jpg,Organic
Organic_1257.jpg,Other
Organic_1258.jpg,Organic
Organic_1259.jpg,Organic
Organic_126.jpg,Organic
Organic_1260.jpg,Organic
Organic_1261.jpg,Organic
Organic_1262.jpg,Organic
Organic_1263.jpg,Organic
Organic_1264.jpg,Organic
Organic_1265.jpg,Organic
Organic_1266.jpg,Organic
Organic_1267.jpg,Organic
Organic_1268.jpg,Organic
Organic_1269.jpg,Organic
Organic_127.jpg,Organic
Organic_1270.jpg,Organic
Organic_1271.jpg,Organic
Organic_1272.jpg,Organic
Organic_1273.jpg,Organic
Organic_1274.jpg,Organic
Organic_1275.jpg,Organic
Organic_1276.jpg,Organic
Organic_1277.jpg,Organic
Organic_1278.jpg,Organic
Organic_1279.jpg,Organic
Organic_128.jpg,Organic
Organic_1280.jpg,Organic
Organic_1281.jpg,Organic
Organic_1282.jpg,Organic
Organic_1283.jpg,Organic
Organic_1284.jpg,Organic
Organic_1285.jpg,Organic
Organic_1286.jpg,Organic
Organic_1287.jpg,Organic
Organic_1288.jpg,Organic
Organic_1289.jpg,Organic
Organic_129.jpg,Organic
Organic_1290.jpg,Organic
Organic_1291.jpg,Organic
Organic_1292.jpg,Organic
Organic_1293.jpg,Organic
Organic_1294.jpg,Organic
Organic_1295.jpg,Organic
Organic_1296.jpg,Organic
Organic_1297.jpg,Organic
Organic_1298.jpg,Organic
Organic_1299.jpg,Organic
Organic_13.jpg,Organic
Organic_130.jpg,Organic
Organic_1300.jpg,Organic
Organic_1301.jpg,Organic
Organic_1302.jpg,Organic
Organic_1303.jpg,Organic
Organic_1304.jpg,Organic
Organic_1305.jpg,Organic
Organic_1306.jpg,Organic
Organic_1307.jpg,Organic
Organic_1308.jpg,Organic
Organic_1309.jpg,Organic
Organic_131.jpg,Organic
Organic_1310.jpg,Organic
Organic_1311.jpg,Organic
Organic_1312.jpg,Organic
Organic_1313.jpg,Organic
Organic_1314.jpg,Organic
Organic_1315.jpg,Organic
Organic_1316.jpg,Organic
Organic_1317.jpg,Organic
Organic_1318.jpg,Organic
Organic_1319.jpg,Organic
Organic_132.jpg,Organic
Organic_1320.jpg,Organic
Organic_1321.jpg,Organic
Organic_1322.jpg,Organic
Organic_1323.jpg,Organic
Organic_1324.jpg,Organic
Organic_1325.jpg,Organic
Organic_1326.jpg,Organic
Organic_1327.jpg,Organic
Organic_1328.jpg,Organic
Organic_1329.jpg,Organic
Organic_133.jpg,Organic
Organic_1330.jpg,Organic
Organic_1331.jpg,Organic
Organic_1332.jpg,Recycle
Organic_1333.jpg,Organic
Organic_1334.jpg,Organic
Organic_1335.jpg,Organic
Organic_1336.jpg,Organic
Organic_1337.jpg,Organic
Organic_1338.jpg,Organic
Organic_1339.jpg,Organic
Organic_134.jpg,Organic
Organic_1340.jpg,Organic
Organic_1341.jpg,Organic
Organic_1342.jpg,Organic
Organic_1343.jpg,Organic
Organic_1344.jpg,Organic
Organic_1345.jpg,Organic
Organic_1346.jpg,Organic
Organic_1347.jpg,Organic
Organic_1348.jpg,Organic
Organic_1349.jpg,Organic
Organic_135.jpg,Organic
Organic_1350.jpg,Organic
Organic_1351.jpg,Organic
Organic_1352.jpg,Organic
Organic_1353.jpg,Organic
Organic_1354.jpg,Organic
Organic_1355.jpg,Organic
Organic_1356.jpg,Organic
Organic_1357.jpg,Organic
Organic_1358.jpg,Organic
Organic_1359.jpg,Organic
Organic_136.jpg,Organic
Organic_1360.jpg,Organic
Organic_1361.jpg,Organic
Organic_1362.jpg,Organic
Organic_1363.jpg,Organic
Organic_1364.jpg,Organic
Organic_1365.jpg,Organic
Organic_1366.jpg,Organic
Organic_1367.jpg,Organic
Organic_1368.jpg,Organic
Organic_1369.jpg,Organic
Organic_137.jpg,Organic
Organic_1370.jpg,Organic
Organic_1371.jpg,Organic
Organic_1372.jpg,Organic
Organic_1373.jpg,Organic
Organic_1374.jpg,Organic
Organic_1375.jpg,Organic
Organic_1376.jpg,Organic
Organic_1377.jpg,Organic
Organic_1378.jpg,Organic
Organic_1379.jpg,Organic
Organic_138.jpg,Organic
Organic_1380.jpg,Organic
Organic_1381.jpg,Organic
Organic_1382.jpg,Organic
Organic_1383.jpg,Organic
Organic_1384.jpg,Organic
Organic_1385.jpg,Other
Organic_1386.jpg,Organic
Organic_1387.jpg,Organic
Organic_1388.jpg,Organic
Organic_1389.jpg,Organic
Organic_139.jpg,Organic
Organic_1390.jpg,Organic
Organic_1391.jpg,Organic
Organic_1392.jpg,Organic
Organic_1393.jpg,Organic
Organic_1394.jpg,Organic
Organic_1395.jpg,Organic
Organic_14.jpg,Organic
Organic_140.jpg,Organic
Organic_141.jpg,Organic
Organic_142.jpg,Organic
Organic_143.jpg,Organic
Organic_144.jpg,Organic
Organic_145.jpg,Organic
Organic_146.jpg,Organic
Organic_147.jpg,Organic
Organic_148.jpg,Organic
Organic_149.jpg,Organic
Organic_15.jpg,Organic
Organic_150.jpg,Organic
Organic_151.jpg,Organic
Organic_152.jpg,Organic
Organic_153.jpg,Organic
Organic_154.jpg,Organic
Organic_155.jpg,Organic
Organic_156.jpg,Organic
Organic_157.jpg,Organic
Organic_158.jpg,Organic
Organic_159.jpg,Organic
Organic_16.jpg,Other
Organic_160.jpg,Organic
Organic_161.jpg,Organic
Organic_162.jpg,Organic
Organic_163.jpg,Organic
Organic_164.jpg,Organic
Organic_165.jpg,Organic
Organic_166.jpg,Organic
Organic_167.jpg,Organic
Organic_168.jpg,Organic
Organic_169.jpg,Organic
Organic_17.jpg,Organic
Organic_170.jpg,Organic
Organic_171.jpg,Organic
Organic_172.jpg,Organic
Organic_173.jpg,Organic
Organic_174.jpg,Organic
Organic_175.jpg,Organic
Organic_176.jpg,Organic
Organic_177.jpg,Organic
Organic_178.jpg,Organic
Organic_179.jpg,Organic
Organic_18.jpg,Organic
Organic_180.jpg,Organic
Organic_181.jpg,Organic
Organic_182.jpg,Organic
Organic_183.jpg,Organic
Organic_184.jpg,Organic
Organic_185.jpg,Organic
Organic_186.jpg,Organic
Organic_187.jpg,Organic
Organic_188.jpg,Organic
Organic_189.jpg,Other
Organic_19.jpg,Recycle
Organic_190.jpg,Organic
Organic_191.jpg,Organic
Organic_192.jpg,Organic
Organic_193.jpg,Organic
Organic_194.jpg,Organic
Organic_195.jpg,Organic
Organic_196.jpg,Organic
Organic_197.jpg,Organic
Organic_198.jpg,Organic
Organic_199.jpg,Organic
Organic_2.jpg,Organic
Organic_20.jpg,Organic
Organic_200.jpg,Organic
Organic_201.jpg,Organic
Organic_202.jpg,Organic
Organic_203.jpg,Organic
Organic_204.jpg,Organic
Organic_205.jpg,Organic
Organic_206.jpg,Organic
Organic_207.jpg,Organic
Organic_208.jpg,Organic
Organic_209.jpg,Organic
Organic_21.jpg,Organic
Organic_210.jpg,Organic
Organic_211.jpg,Organic
Organic_212.jpg,Organic
Organic_213.jpg,Organic
Organic_214.jpg,Organic
Organic_215.jpg,Organic
Organic_216.jpg,Organic
Organic_217.jpg,Organic
Organic_218.jpg,Organic
Organic_219.jpg,Organic
Organic_22.jpg,Organic
Organic_220.jpg,Organic
Organic_221.jpg,Organic
Organic_222.jpg,Organic
Organic_223.jpg,Organic
Organic_224.jpg,Organic
Organic_225.jpg,Organic
Organic_226.jpg,Organic
Organic_227.jpg,Organic
Organic_228.jpg,Organic
Organic_229.jpg,Organic
Organic_23.jpg,Organic
Organic_230.jpg,Organic
Organic_231.jpg,Organic
Organic_232.jpg,Organic
Organic_233.jpg,Organic
Organic_234.jpg,Organic
Organic_235.jpg,Organic
Organic_236.jpg,Organic
Organic_237.jpg,Organic
Organic_238.jpg,Organic
Organic_239.jpg,Organic
Organic_24.jpg,Organic
Organic_240.jpg,Organic
Organic_241.jpg,Organic
Organic_242.jpg,Organic
Organic_243.jpg,Organic
Organic_244.jpg,Organic
Organic_245.jpg,Organic
Organic_246.jpg,Organic
Organic_247.jpg,Organic
Organic_248.jpg,Organic
Organic_249.jpg,Organic
Organic_25.jpg,Organic
Organic_250.jpg,Organic
Organic_251.jpg,Organic
Organic_252.jpg,Organic
Organic_253.jpg,Organic
Organic_254.jpg,Organic
Organic_255.jpg,Organic
Organic_256.jpg,Organic
Organic_257.jpg,Organic
Organic_258.jpg,Organic
Organic_259.jpg,Organic
Organic_26.jpg,Recycle
Organic_260.jpg,Organic
Organic_261.jpg,Organic
Organic_262.jpg,Organic
Organic_263.jpg,Organic
Organic_264.jpg,Organic
Organic_265.jpg,Organic
Organic_266.jpg,Organic
Organic_267.jpg,Organic
Organic_268.jpg,Organic
Organic_269.jpg,Organic
Organic_27.jpg,Organic
Organic_270.jpg,Organic
Organic_271.jpg,Organic
Organic_272.jpg,Organic
Organic_273.jpg,Organic
Organic_274.jpg,Organic
Organic_275.jpg,Organic
Organic_276.jpg,Organic
Organic_277.jpg,Organic
Organic_278.jpg,Organic
Organic_279.jpg,Organic
Organic_28.jpg,Organic
Organic_280.jpg,Organic
Organic_281.jpg,Organic
Organic_282.jpg,Organic
Organic_283.jpg,Organic
Organic_284.jpg,Organic
Organic_285.jpg,Organic
Organic_286.jpg,Organic
Organic_287.jpg,Organic
Organic_288.jpg,Organic
Organic_289.jpg,Organic
Organic_29.jpg,Organic
Organic_290.jpg,Organic
Organic_291.jpg,Organic
Organic_292.jpg,Organic
Organic_293.jpg,Organic
Organic_294.jpg,Organic
Organic_295.jpg,Organic
Organic_296.jpg,Organic
Organic_297.jpg,Organic
Organic_298.jpg,Organic
Organic_299.jpg,Organic
Organic_3.jpg,Organic
Organic_30.jpg,Organic
Organic_300.jpg,Organic
Organic_301.jpg,Organic
Organic_302.jpg,Organic
Organic_303.jpg,Organic
Organic_304.jpg,Organic
Organic_305.jpg,Organic
Organic_306.jpg,Organic
Organic_307.jpg,Organic
Organic_308.jpg,Organic
Organic_309.jpg,Organic
Organic_31.jpg,Organic
Organic_310.jpg,Organic
Organic_311.jpg,Organic
Organic_312.jpg,Organic
Organic_313.jpg,Organic
Organic_314.jpg,Organic
Organic_315.jpg,Organic
Organic_316.jpg,Organic
Organic_317.jpg,Organic
Organic_318.jpg,Organic
Organic_319.jpg,Organic
Organic_32.jpg,Organic
Organic_320.jpg,Organic
Organic_321.jpg,Organic
Organic_322.jpg,Organic
Organic_323.jpg,Organic
Organic_324.jpg,Organic
Organic_325.jpg,Organic
Organic_326.jpg,Organic
Organic_327.jpg,Organic
Organic_328.jpg,Organic
Organic_329.jpg,Organic
Organic_33.jpg,Organic
Organic_330.jpg,Organic
Organic_331.jpg,Organic
Organic_332.jpg,Organic
Organic_333.jpg,Organic
Organic_334.jpg,Organic
Organic_335.jpg,Organic
Organic_336.jpg,Organic
Organic_337.jpg,Organic
Organic_338.jpg,Organic
Organic_339.jpg,Organic
Organic_34.jpg,Organic
Organic_340.jpg,Organic
Organic_341.jpg,Organic
Organic_342.jpg,Organic
Organic_343.jpg,Organic
Organic_344.jpg,Organic
Organic_345.jpg,Organic
Organic_346.jpg,Organic
Organic_347.jpg,Organic
Organic_348.jpg,Organic
Organic_349.jpg,Organic
Organic_35.jpg,Organic
Organic_350.jpg,Organic
Organic_351.jpg,Organic
Organic_352.jpg,Organic
Organic_353.jpg,Organic
Organic_354.jpg,Organic
Organic_355.jpg,Organic
Organic_356.jpg,Organic
Organic_357.jpg,Organic
Organic_358.jpg,Organic
Organic_359.jpg,Organic
Organic_36.jpg,Organic
Organic_360.jpg,Organic
Organic_361.jpg,Organic
Organic_362.jpg,Organic
Organic_363.jpg,Organic
Organic_364.jpg,Organic
Organic_365.jpg,Organic
Organic_366.jpg,Organic
Organic_367.jpg,Organic
Organic_368.jpg,Organic
Organic_369.jpg,Organic
Organic_37.jpg,Organic
Organic_370.jpg,Organic
Organic_371.jpg,Organic
Organic_372.jpg,Organic
Organic_373.jpg,Organic
Organic_374.jpg,Organic
Organic_375.jpg,Organic
Organic_376.jpg,Organic
Organic_377.jpg,Organic
Organic_378.jpg,Organic
Organic_379.jpg,Organic
Organic_38.jpg,Organic
Organic_380.jpg,Organic
Organic_381.jpg,Organic
Organic_382.jpg,Organic
Organic_383.jpg,Organic
Organic_384.jpg,Organic
Organic_385.jpg,Organic
Organic_386.jpg,Organic
Organic_387.jpg,Organic
Organic_388.jpg,Organic
Organic_389.jpg,Organic
Organic_39.jpg,Organic
Organic_390.jpg,Organic
Organic_391.jpg,Organic
Organic_392.jpg,Organic
Organic_393.jpg,Organic
Organic_394.jpg,Organic
Organic_395.jpg,Organic
Organic_396.jpg,Organic
Organic_397.jpg,Organic
Organic_398.jpg,Organic
Organic_399.jpg,Organic
Organic_4.jpg,Organic
Organic_40.jpg,Organic
Organic_400.jpg,Organic
Organic_401.jpg,Organic
Organic_402.jpg,Organic
Organic_403.jpg,Organic
Organic_404.jpg,Organic
Organic_405.jpg,Organic
Organic_406.jpg,Organic
Organic_407.jpg,Organic
Organic_408.jpg,Organic
Organic_409.jpg,Organic
Organic_41.jpg,Organic
Organic_410.jpg,Organic
Organic_411.jpg,Organic
Organic_412.jpg,Organic
Organic_413.jpg,Organic
Organic_414.jpg,Organic
Organic_415.jpg,Organic
Organic_416.jpg,Organic
Organic_417.jpg,Organic
Organic_418.jpg,Organic
Organic_419.jpg,Organic
Organic_42.jpg,Organic
Organic_420.jpg,Organic
Organic_421.jpg,Organic
Organic_422.jpg,Organic
Organic_423.jpg,Organic
Organic_424.jpg,Organic
Organic_425.jpg,Organic
Organic_426.jpg,Organic
Organic_427.jpg,Organic
Organic_428.jpg,Organic
Organic_429.jpg,Organic
Organic_43.jpg,Organic
Organic_430.jpg,Organic
Organic_431.jpg,Organic
Organic_432.jpg,Organic
Organic_433.jpg,Organic
Organic_434.jpg,Organic
Organic_435.jpg,Organic
Organic_436.jpg,Organic
Organic_437.jpg,Organic
Organic_438.jpg,Recycle
Organic_439.jpg,Organic
Organic_44.jpg,Organic
Organic_440.jpg,Organic
Organic_441.jpg,Organic
Organic_442.jpg,Organic
Organic_443.jpg,Organic
Organic_444.jpg,Organic
Organic_445.jpg,Organic
Organic_446.jpg,Organic
Organic_447.jpg,Organic
Organic_448.jpg,Organic
Organic_449.jpg,Organic
Organic_45.jpg,Organic
Organic_450.jpg,Organic
Organic_451.jpg,Organic
Organic_452.jpg,Organic
Organic_453.jpg,Organic
Organic_454.jpg,Organic
Organic_455.jpg,Organic
Organic_456.jpg,Organic
Organic_457.jpg,Organic
Organic_458.jpg,Organic
Organic_459.jpg,Organic
Organic_46.jpg,Organic
Organic_460.jpg,Organic
Organic_461.jpg,Organic
Organic_462.jpg,Organic
Organic_463.jpg,Organic
Organic_464.jpg,Organic
Organic_465.jpg,Organic
Organic_466.jpg,Organic
Organic_467.jpg,Organic
Organic_468.jpg,Organic
Organic_469.jpg,Organic
Organic_47.jpg,Organic
Organic_470.jpg,Organic
Organic_471.jpg,Organic
Organic_472.jpg,Organic
Organic_473.jpg,Organic
Organic_474.jpg,Organic
Organic_475.jpg,Organic
Organic_476.jpg,Organic
Organic_477.jpg,Organic
Organic_478.jpg,Organic
Organic_479.jpg,Organic
Organic_48.jpg,Organic
Organic_480.jpg,Organic
Organic_481.jpg,Organic
Organic_482.jpg,Organic
Organic_483.jpg,Organic
Organic_484.jpg,Organic
Organic_485.jpg,Organic
Organic_486.jpg,Organic
Organic_487.jpg,Organic
Organic_488.jpg,Organic
Organic_489.jpg,Organic
Organic_49.jpg,Organic
Organic_490.jpg,Organic
Organic_491.jpg,Organic
Organic_492.jpg,Organic
Organic_493.jpg,Organic
Organic_494.jpg,Organic
Organic_495.jpg,Organic
Organic_496.jpg,Organic
Organic_497.jpg,Organic
Organic_498.jpg,Organic
Organic_499.jpg,Organic
Organic_5.jpg,Organic
Organic_50.jpg,Organic
Organic_500.jpg,Organic
Organic_501.jpg,Organic
Organic_502.jpg,Organic
Organic_503.jpg,Organic
Organic_504.jpg,Organic
Organic_505.jpg,Organic
Organic_506.jpg,Organic
Organic_507.jpg,Organic
Organic_508.jpg,Organic
Organic_509.jpg,Organic
Organic_51.jpg,Organic
Organic_510.jpg,Organic
Organic_511.jpg,Organic
Organic_512.jpg,Organic
Organic_513.jpg,Organic
Organic_514.jpg,Organic
Organic_515.jpg,Organic
Organic_516.jpg,Organic
Organic_517.jpg,Organic
Organic_518.jpg,Organic
Organic_519.jpg,Organic
Organic_52.jpg,Organic
Organic_520.jpg,Organic
Organic_521.jpg,Organic
Organic_522.jpg,Organic
Organic_523.jpg,Organic
Organic_524.jpg,Organic
Organic_525.jpg,Organic
Organic_526.jpg,Organic
Organic_527.jpg,Organic
Organic_528.jpg,Organic
Organic_529.jpg,Organic
Organic_53.jpg,Organic
Organic_530.jpg,Organic
Organic_531.jpg,Organic
Organic_532.jpg,Organic
Organic_533.jpg,Organic
Organic_534.jpg,Organic
Organic_535.jpg,Organic
Organic_536.jpg,Organic
Organic_537.jpg,Organic
Organic_538.jpg,Organic
Organic_539.jpg,Organic
Organic_54.jpg,Organic
Organic_540.jpg,Organic
Organic_541.jpg,Organic
Organic_542.jpg,Organic
Organic_543.jpg,Organic
Organic_544.jpg,Organic
Organic_545.jpg,Organic
Organic_546.jpg,Organic
Organic_547.jpg,Organic
Organic_548.jpg,Organic
Organic_549.jpg,Organic
Organic_55.jpg,Organic
Organic_550.jpg,Organic
Organic_551.jpg,Organic
Organic_552.jpg,Organic
Organic_553.jpg,Organic
Organic_554.jpg,Organic
Organic_555.jpg,Organic
Organic_556.jpg,Organic
Organic_557.jpg,Organic
Organic_558.jpg,Organic
Organic_559.jpg,Organic
Organic_56.jpg,Organic
Organic_560.jpg,Organic
Organic_561.jpg,Organic
Organic_562.jpg,Organic
Organic_563.jpg,Organic
Organic_564.jpg,Organic
Organic_565.jpg,Organic
Organic_566.jpg,Organic
Organic_567.jpg,Organic
Organic_568.jpg,Organic
Organic_569.jpg,Organic
Organic_57.jpg,Organic
Organic_570.jpg,Organic
Organic_571.jpg,Recycle
Organic_572.jpg,Organic
Organic_573.jpg,Organic
Organic_574.jpg,Organic
Organic_575.jpg,Organic
Organic_576.jpg,Organic
Organic_577.jpg,Organic
Organic_578.jpg,Organic
Organic_579.jpg,Organic
Organic_58.jpg,Organic
Organic_580.jpg,Organic
Organic_581.jpg,Organic
Organic_582.jpg,Organic
Organic_583.jpg,Organic
Organic_584.jpg,Organic
Organic_585.jpg,Organic
Organic_586.jpg,Organic
Organic_587.jpg,Organic
Organic_588.jpg,Organic
Organic_589.jpg,Organic
Organic_59.jpg,Recycle
Organic_590.jpg,Organic
Organic_591.jpg,Organic
Organic_592.jpg,Organic
Organic_593.jpg,Organic
Organic_594.jpg,Organic
Organic_595.jpg,Organic
Organic_596.jpg,Organic
Organic_597.jpg,Organic
Organic_598.jpg,Organic
Organic_599.jpg,Organic
Organic_6.jpg,Organic
Organic_60.jpg,Organic
Organic_600.jpg,Organic
Organic_601.jpg,Organic
Organic_602.jpg,Organic
Organic_603.jpg,Organic
Organic_604.jpg,Organic
Organic_605.jpg,Organic
Organic_606.jpg,Organic
Organic_607.jpg,Organic
Organic_608.jpg,Organic
Organic_609.jpg,Organic
Organic_61.jpg,Organic
Organic_610.jpg,Organic
Organic_611.jpg,Organic
Organic_612.jpg,Organic
Organic_613.jpg,Organic
Organic_614.jpg,Organic
Organic_615.jpg,Organic
Organic_616.jpg,Organic
Organic_617.jpg,Organic
Organic_618.jpg,Organic
Organic_619.jpg,Organic
Organic_62.jpg,Organic
Organic_620.jpg,Organic
Organic_621.jpg,Organic
Organic_622.jpg,Organic
Organic_623.jpg,Organic
Organic_624.jpg,Organic
Organic_625.jpg,Organic
Organic_626.jpg,Organic
Organic_627.jpg,Organic
Organic_628.jpg,Organic
Organic_629.jpg,Organic
Organic_63.jpg,Organic
Organic_630.jpg,Organic
Organic_631.jpg,Organic
Organic_632.jpg,Organic
Organic_633.jpg,Organic
Organic_634.jpg,Organic
Organic_635.jpg,Organic
Organic_636.jpg,Organic
Organic_637.jpg,Organic
Organic_638.jpg,Organic
Organic_639.jpg,Organic
Organic_64.jpg,Organic
Organic_640.jpg,Organic
Organic_641.jpg,Organic
Organic_642.jpg,Organic
Organic_643.jpg,Organic
Organic_644.jpg,Organic
Organic_645.jpg,Organic
Organic_646.jpg,Organic
Organic_647.jpg,Organic
Organic_648.jpg,Organic
Organic_649.jpg,Organic
Organic_65.jpg,Organic
Organic_650.jpg,Organic
Organic_651.jpg,Organic
Organic_652.jpg,Organic
Organic_653.jpg,Organic
Organic_654.jpg,Organic
Organic_655.jpg,Organic
Organic_656.jpg,Organic
Organic_657.jpg,Organic
Organic_658.jpg,Organic
Organic_659.jpg,Organic
Organic_66.jpg,Organic
Organic_660.jpg,Organic
Organic_661.jpg,Organic
Organic_662.jpg,Organic
Organic_663.jpg,Organic
Organic_664.jpg,Organic
Organic_665.jpg,Organic
Organic_666.jpg,Organic
Organic_667.jpg,Organic
Organic_668.jpg,Organic
Organic_669.jpg,Organic
Organic_67.jpg,Organic
Organic_670.jpg,Organic
Organic_671.jpg,Organic
Organic_672.jpg,Organic
Organic_673.jpg,Organic
Organic_674.jpg,Organic
Organic_675.jpg,Organic
Organic_676.jpg,Organic
Organic_677.jpg,Organic
Organic_678.jpg,Organic
Organic_679.jpg,Organic
Organic_68.jpg,Organic
Organic_680.jpg,Organic
Organic_681.jpg,Organic
Organic_682.jpg,Organic
Organic_683.jpg,Organic
Organic_684.jpg,Organic
Organic_685.jpg,Organic
Organic_686.jpg,Organic
Organic_687.jpg,Organic
Organic_688.jpg,Organic
Organic_689.jpg,Organic
Organic_69.jpg,Organic
Organic_690.jpg,Organic
Organic_691.jpg,Organic
Organic_692.jpg,Organic
Organic_693.jpg,Organic
Organic_694.jpg,Organic
Organic_695.jpg,Organic
Organic_696.jpg,Organic
Organic_697.jpg,Organic
Organic_698.jpg,Organic
Organic_699.jpg,Organic
Organic_7.jpg,Organic
Organic_70.jpg,Organic
Organic_700.jpg,Organic
Organic_701.jpg,Organic
Organic_702.jpg,Organic
Organic_703.jpg,Organic
Organic_704.jpg,Organic
Organic_705.jpg,Organic
Organic_706.jpg,Organic
Organic_707.jpg,Organic
Organic_708.jpg,Organic
Organic_709.jpg,Organic
Organic_71.jpg,Organic
Organic_710.jpg,Organic
Organic_711.jpg,Organic
Organic_712.jpg,Organic
Organic_713.jpg,Organic
Organic_714.jpg,Organic
Organic_715.jpg,Organic
Organic_716.jpg,Organic
Organic_717.jpg,Organic
Organic_718.jpg,Organic
Organic_719.jpg,Organic
Organic_72.jpg,Organic
Organic_720.jpg,Organic
Organic_721.jpg,Organic
Organic_722.jpg,Organic
Organic_723.jpg,Organic
Organic_724.jpg,Organic
Organic_725.jpg,Recycle
Organic_726.jpg,Organic
Organic_727.jpg,Organic
Organic_728.jpg,Organic
Organic_729.jpg,Organic
Organic_73.jpg,Organic
Organic_730.jpg,Organic
Organic_731.jpg,Organic
Organic_732.jpg,Organic
Organic_733.jpg,Organic
Organic_734.jpg,Organic
Organic_735.jpg,Organic
Organic_736.jpg,Organic
Organic_737.jpg,Organic
Organic_738.jpg,Organic
Organic_739.jpg,Organic
Organic_74.jpg,Organic
Organic_740.jpg,Organic
Organic_741.jpg,Organic
Organic_742.jpg,Organic
Organic_743.jpg,Organic
Organic_744.jpg,Organic
Organic_745.jpg,Organic
Organic_746.jpg,Organic
Organic_747.jpg,Organic
Organic_748.jpg,Organic
Organic_749.jpg,Organic
Organic_75.jpg,Organic
Organic_750.jpg,Organic
Organic_751.jpg,Organic
Organic_752.jpg,Organic
Organic_753.jpg,Organic
Organic_754.jpg,Organic
Organic_755.jpg,Organic
Organic_756.jpg,Organic
Organic_757.jpg,Organic
Organic_758.jpg,Organic
Organic_759.jpg,Organic
Organic_76.jpg,Organic
Organic_760.jpg,Organic
Organic_761.jpg,Organic
Organic_762.jpg,Organic
Organic_763.jpg,Organic
Organic_764.jpg,Organic
Organic_765.jpg,Organic
Organic_766.jpg,Organic
Organic_767.jpg,Organic
Organic_768.jpg,Organic
Organic_769.jpg,Organic
Organic_77.jpg,Organic
Organic_770.jpg,Organic
Organic_771.jpg,Organic
Organic_772.jpg,Organic
Organic_773.jpg,Organic
Organic_774.jpg,Organic
Organic_775.jpg,Organic
Organic_776.jpg,Organic
Organic_777.jpg,Organic
Organic_778.jpg,Organic
Organic_779.jpg,Organic
Organic_78.jpg,Organic
Organic_780.jpg,Organic
Organic_781.jpg,Organic
Organic_782.jpg,Organic
Organic_783.jpg,Organic
Organic_784.jpg,Organic
Organic_785.jpg,Organic
Organic_786.jpg,Organic
Organic_787.jpg,Organic
Organic_788.jpg,Organic
Organic_789.jpg,Organic
Organic_79.jpg,Organic
Organic_790.jpg,Organic
Organic_791.jpg,Organic
Organic_792.jpg,Organic
Organic_793.jpg,Organic
Organic_794.jpg,Organic
Organic_795.jpg,Organic
Organic_796.jpg,Organic
Organic_797.jpg,Organic
Organic_798.jpg,Organic
Organic_799.jpg,Organic
Organic_8.jpg,Organic
Organic_80.jpg,Organic
Organic_800.jpg,Organic
Organic_801.jpg,Organic
Organic_802.jpg,Organic
Organic_803.jpg,Organic
Organic_804.jpg,Organic
Organic_805.jpg,Organic
Organic_806.jpg,Organic
Organic_807.jpg,Organic
Organic_808.jpg,Organic
Organic_809.jpg,Organic
Organic_81.jpg,Organic
Organic_810.jpg,Organic
Organic_811.jpg,Organic
Organic_812.jpg,Organic
Organic_813.jpg,Organic
Organic_814.jpg,Organic
Organic_815.jpg,Organic
Organic_816.jpg,Organic
Organic_817.jpg,Organic
Organic_818.jpg,Organic
Organic_819.jpg,Organic
Organic_82.jpg,Organic
Organic_820.jpg,Organic
Organic_821.jpg,Organic
Organic_822.jpg,Organic
Organic_823.jpg,Organic
Organic_824.jpg,Organic
Organic_825.jpg,Organic
Organic_826.jpg,Organic
Organic_827.jpg,Organic
Organic_828.jpg,Organic
Organic_829.jpg,Organic
Organic_83.jpg,Organic
Organic_830.jpg,Organic
Organic_831.jpg,Organic
Organic_832.jpg,Organic
Organic_833.jpg,Organic
Organic_834.jpg,Organic
Organic_835.jpg,Organic
Organic_836.jpg,Organic
Organic_837.jpg,Organic
Organic_838.jpg,Organic
Organic_839.jpg,Organic
Organic_84.jpg,Organic
Organic_840.jpg,Organic
Organic_841.jpg,Organic
Organic_842.jpg,Organic
Organic_843.jpg,Organic
Organic_844.jpg,Organic
Organic_845.jpg,Organic
Organic_846.jpg,Organic
Organic_847.jpg,Organic
Organic_848.jpg,Organic
Organic_849.jpg,Organic
Organic_85.jpg,Organic
Organic_850.jpg,Organic
Organic_851.jpg,Organic
Organic_852.jpg,Organic
Organic_853.jpg,Organic
Organic_854.jpg,Organic
Organic_855.jpg,Organic
Organic_856.jpg,Organic
Organic_857.jpg,Organic
Organic_858.jpg,Organic
Organic_859.jpg,Organic
Organic_86.jpg,Organic
Organic_860.jpg,Organic
Organic_861.jpg,Organic
Organic_862.jpg,Organic
Organic_863.jpg,Organic
Organic_864.jpg,Organic
Organic_865.jpg,Organic
Organic_866.jpg,Organic
Organic_867.jpg,Organic
Organic_868.jpg,Organic
Organic_869.jpg,Organic
Organic_87.jpg,Organic
Organic_870.jpg,Organic
Organic_871.jpg,Organic
Organic_872.jpg,Organic
Organic_873.jpg,Organic
Organic_874.jpg,Organic
Organic_875.jpg,Organic
Organic_876.jpg,Organic
Organic_877.jpg,Organic
Organic_878.jpg,Organic
Organic_879.jpg,Organic
Organic_88.jpg,Organic
Organic_880.jpg,Organic
Organic_881.jpg,Organic
Organic_882.jpg,Organic
Organic_883.jpg,Organic
Organic_884.jpg,Organic
Organic_885.jpg,Organic
Organic_886.jpg,Organic
Organic_887.jpg,Organic
Organic_888.jpg,Organic
Organic_889.jpg,Organic
Organic_89.jpg,Organic
Organic_890.jpg,Organic
Organic_891.jpg,Organic
Organic_892.jpg,Organic
Organic_893.jpg,Organic
Organic_894.jpg,Organic
Organic_895.jpg,Organic
Organic_896.jpg,Organic
Organic_897.jpg,Organic
Organic_898.jpg,Organic
Organic_899.jpg,Organic
Organic_9.jpg,Other
Organic_90.jpg,Organic
Organic_900.jpg,Organic
Organic_901.jpg,Organic
Organic_902.jpg,Recycle
Organic_903.jpg,Organic
Organic_904.jpg,Organic
Organic_905.jpg,Organic
Organic_906.jpg,Organic
Organic_907.jpg,Organic
Organic_908.jpg,Organic
Organic_909.jpg,Organic
Organic_91.jpg,Organic
Organic_910.jpg,Organic
Organic_911.jpg,Organic
Organic_912.jpg,Organic
Organic_913.jpg,Organic
Organic_914.jpg,Organic
Organic_915.jpg,Organic
Organic_916.jpg,Organic
Organic_917.jpg,Organic
Organic_918.jpg,Organic
Organic_919.jpg,Organic
Organic_92.jpg,Organic
Organic_920.jpg,Organic
Organic_921.jpg,Organic
Organic_922.jpg,Organic
Organic_923.jpg,Organic
Organic_924.jpg,Organic
Organic_925.jpg,Organic
Organic_926.jpg,Organic
Organic_927.jpg,Organic
Organic_928.jpg,Organic
Organic_929.jpg,Organic
Organic_93.jpg,Organic
Organic_930.jpg,Organic
Organic_931.jpg,Organic
Organic_932.jpg,Organic
Organic_933.jpg,Organic
Organic_934.jpg,Organic
Organic_935.jpg,Organic
Organic_936.jpg,Organic
Organic_937.jpg,Organic
Organic_938.jpg,Organic
Organic_939.jpg,Organic
Organic_94.jpg,Organic
Organic_940.jpg,Organic
Organic_941.jpg,Organic
Organic_942.jpg,Organic
Organic_943.jpg,Organic
Organic_944.jpg,Organic
Organic_945.jpg,Organic
Organic_946.jpg,Organic
Organic_947.jpg,Organic
Organic_948.jpg,Organic
Organic_949.jpg,Organic
Organic_95.jpg,Organic
Organic_950.jpg,Organic
Organic_951.jpg,Organic
Organic_952.jpg,Organic
Organic_953.jpg,Organic
Organic_954.jpg,Organic
Organic_955.jpg,Organic
Organic_956.jpg,Organic
Organic_957.jpg,Organic
Organic_958.jpg,Organic
Organic_959.jpg,Organic
Organic_96.jpg,Organic
Organic_960.jpg,Organic
Organic_961.jpg,Organic
Organic_962.jpg,Organic
Organic_963.jpg,Organic
Organic_964.jpg,Organic
Organic_965.jpg,Organic
Organic_966.jpg,Organic
Organic_967.jpg,Organic
Organic_968.jpg,Organic
Organic_969.jpg,Organic
Organic_97.jpg,Organic
Organic_970.jpg,Organic
Organic_971.jpg,Organic
Organic_972.jpg,Organic
Organic_973.jpg,Organic
Organic_974.jpg,Organic
Organic_975.jpg,Organic
Organic_976.jpg,Organic
Organic_977.jpg,Organic
Organic_978.jpg,Organic
Organic_979.jpg,Organic
Organic_98.jpg,Organic
Organic_980.jpg,Organic
Organic_981.jpg,Organic
Organic_982.jpg,Organic
Organic_983.jpg,Organic
Organic_984.jpg,Organic
Organic_985.jpg,Organic
Organic_986.jpg,Organic
Organic_987.jpg,Organic
Organic_988.jpg,Organic
Organic_989.jpg,Organic
Organic_99.jpg,Organic
Organic_990.jpg,Organic
Organic_991.jpg,Organic
Organic_992.jpg,Organic
Organic_993.jpg,Organic
Organic_994.jpg,Organic
Organic_995.jpg,Organic
Organic_996.jpg,Organic
Organic_997.jpg,Organic
Organic_998.jpg,Organic
Organic_999.jpg,Organic
Other_0.jpg,Recycle
Other_1.jpg,Recycle
Other_10.jpg,Other
Other_100.jpg,Recycle
Other_101.jpg,Recycle
Other_102.jpg,Recycle
Other_103.jpg,Recycle
Other_104.jpg,Recycle
Other_105.jpg,Recycle
Other_106.jpg,Recycle
Other_107.jpg,Recycle
Other_108.jpg,Recycle
Other_109.jpg,Recycle
Other_11.jpg,Other
Other_110.jpg,Recycle
Other_111.jpg,Recycle
Other_112.jpg,Organic
Other_113.jpg,Other
Other_114.jpg,Recycle
Other_115.jpg,Recycle
Other_116.jpg,Recycle
Other_117.jpg,Recycle
Other_118.jpg,Other
Other_119.jpg,Recycle
Other_12.jpg,Organic
Other_120.jpg,Recycle
Other_121.jpg,Recycle
Other_122.jpg,Recycle
Other_123.jpg,Other
Other_124.jpg,Recycle
Other_125.jpg,Other
Other_126.jpg,Recycle
Other_127.jpg,Recycle
Other_128.jpg,Organic
Other_129.jpg,Recycle
Other_13.jpg,Organic
Other_130.jpg,Recycle
Other_131.jpg,Organic
Other_132.jpg,Recycle
Other_133.jpg,Recycle
Other_134.jpg,Recycle
Other_135.jpg,Recycle
Other_136.jpg,Recycle
Other_137.jpg,Recycle
Other_138.jpg,Organic
Other_139.jpg,Recycle
Other_14.jpg,Organic
Other_140.jpg,Other
Other_141.jpg,Organic
Other_142.jpg,Recycle
Other_143.jpg,Recycle
Other_144.jpg,Recycle
Other_145.jpg,Recycle
Other_146.jpg,Recycle
Other_147.jpg,Recycle
Other_148.jpg,Recycle
Other_149.jpg,Recycle
Other_15.jpg,Recycle
Other_150.jpg,Recycle
Other_151.jpg,Recycle
Other_152.jpg,Recycle
Other_153.jpg,Recycle
Other_154.jpg,Recycle
Other_155.jpg,Organic
Other_156.jpg,Recycle
Other_157.jpg,Other
Other_158.jpg,Recycle
Other_159.jpg,Recycle
Other_16.jpg,Other
Other_160.jpg,Recycle
Other_161.jpg,Recycle
Other_162.jpg,Recycle
Other_163.jpg,Recycle
Other_164.jpg,Recycle
Other_165.jpg,Recycle
Other_166.jpg,Recycle
Other_167.jpg,Recycle
Other_168.jpg,Recycle
Other_169.jpg,Recycle
Other_17.jpg,Recycle
Other_170.jpg,Recycle
Other_171.jpg,Recycle
Other_172.jpg,Recycle
Other_173.jpg,Other
Other_174.jpg,Other
Other_175.jpg,Recycle
Other_176.jpg,Other
Other_177.jpg,Recycle
Other_178.jpg,Other
Other_179.jpg,Recycle
Other_18.jpg,Organic
Other_180.jpg,Recycle
Other_181.jpg,Recycle
Other_182.jpg,Recycle
Other_183.jpg,Recycle
Other_184.jpg,Recycle
Other_185.jpg,Recycle
Other_186.jpg,Organic
Other_187.jpg,Other
Other_188.jpg,Organic
Other_189.jpg,Recycle
Other_19.jpg,Recycle
Other_190.jpg,Recycle
Other_191.jpg,Recycle
Other_192.jpg,Recycle
Other_193.jpg,Recycle
Other_194.jpg,Other
Other_195.jpg,Recycle
Other_196.jpg,Recycle
Other_197.jpg,Recycle
Other_198.jpg,Organic
Other_199.jpg,Recycle
Other_2.jpg,Other
Other_20.jpg,Recycle
Other_200.jpg,Recycle
Other_201.jpg,Recycle
Other_202.jpg,Organic
Other_203.jpg,Recycle
Other_204.jpg,Recycle
Other_205.jpg,Recycle
Other_206.jpg,Other
Other_207.jpg,Organic
Other_208.jpg,Recycle
Other_209.jpg,Recycle
Other_21.jpg,Recycle
Other_210.jpg,Recycle
Other_211.jpg,Recycle
Other_212.jpg,Other
Other_213.jpg,Organic
Other_214.jpg,Recycle
Other_215.jpg,Recycle
Other_216.jpg,Recycle
Other_217.jpg,Recycle
Other_218.jpg,Recycle
Other_219.jpg,Recycle
Other_22.jpg,Recycle
Other_220.jpg,Organic
Other_221.jpg,Recycle
Other_222.jpg,Organic
Other_223.jpg,Other
Other_224.jpg,Recycle
Other_225.jpg,Recycle
Other_226.jpg,Recycle
Other_227.jpg,Recycle
Other_228.jpg,Recycle
Other_229.jpg,Recycle
Other_23.jpg,Recycle
Other_230.jpg,Recycle
Other_231.jpg,Other
Other_232.jpg,Recycle
Other_233.jpg,Other
Other_234.jpg,Recycle
Other_235.jpg,Recycle
Other_236.jpg,Recycle
Other_237.jpg,Organic
Other_238.jpg,Recycle
Other_239.jpg,Recycle
Other_24.jpg,Recycle
Other_240.jpg,Recycle
Other_241.jpg,Other
Other_242.jpg,Recycle
Other_243.jpg,Recycle
Other_244.jpg,Recycle
Other_245.jpg,Recycle
Other_246.jpg,Recycle
Other_247.jpg,Recycle
Other_248.jpg,Organic
Other_249.jpg,Recycle
Other_25.jpg,Recycle
Other_250.jpg,Recycle
Other_251.jpg,Recycle
Other_252.jpg,Recycle
Other_253.jpg,Recycle
Other_254.jpg,Recycle
Other_255.jpg,Recycle
Other_256.jpg,Organic
Other_257.jpg,Recycle
Other_258.jpg,Recycle
Other_259.jpg,Other
Other_26.jpg,Recycle
Other_260.jpg,Recycle
Other_261.jpg,Recycle
Other_262.jpg,Recycle
Other_263.jpg,Recycle
Other_264.jpg,Recycle
Other_265.jpg,Other
Other_266.jpg,Recycle
Other_267.jpg,Recycle
Other_268.jpg,Recycle
Other_269.jpg,Recycle
Other_27.jpg,Recycle
Other_270.jpg,Organic
Other_271.jpg,Organic
Other_272.jpg,Recycle
Other_273.jpg,Recycle
Other_274.jpg,Recycle
Other_275.jpg,Recycle
Other_276.jpg,Other
Other_277.jpg,Recycle
Other_278.jpg,Organic
Other_279.jpg,Recycle
Other_28.jpg,Other
Other_280.jpg,Recycle
Other_281.jpg,Recycle
Other_282.jpg,Recycle
Other_283.jpg,Recycle
Other_284.jpg,Recycle
Other_285.jpg,Recycle
Other_286.jpg,Recycle
Other_287.jpg,Recycle
Other_288.jpg,Recycle
Other_289.jpg,Recycle
Other_29.jpg,Recycle
Other_290.jpg,Organic
Other_291.jpg,Recycle
Other_292.jpg,Recycle
Other_293.jpg,Other
Other_294.jpg,Other
Other_295.jpg,Recycle
Other_296.jpg,Recycle
Other_297.jpg,Organic
Other_298.jpg,Recycle
Other_299.jpg,Organic
Other_3.jpg,Other
Other_30.jpg,Recycle
Other_300.jpg,Recycle
Other_301.jpg,Other
Other_302.jpg,Recycle
Other_303.jpg,Other
Other_304.jpg,Recycle
Other_305.jpg,Recycle
Other_306.jpg,Recycle
Other_307.jpg,Organic
Other_308.jpg,Recycle
Other_309.jpg,Organic
Other_31.jpg,Recycle
Other_310.jpg,Recycle
Other_311.jpg,Recycle
Other_312.jpg,Recycle
Other_313.jpg,Organic
Other_314.jpg,Recycle
Other_315.jpg,Recycle
Other_316.jpg,Recycle
Other_317.jpg,Recycle
Other_318.jpg,Recycle
Other_319.jpg,Recycle
Other_32.jpg,Recycle
Other_320.jpg,Recycle
Other_321.jpg,Recycle
Other_322.jpg,Recycle
Other_323.jpg,Recycle
Other_324.jpg,Organic
Other_325.jpg,Recycle
Other_326.jpg,Recycle
Other_327.jpg,Recycle
Other_328.jpg,Other
Other_329.jpg,Recycle
Other_33.jpg,Recycle
Other_330.jpg,Recycle
Other_331.jpg,Recycle
Other_332.jpg,Other
Other_333.jpg,Recycle
Other_334.jpg,Organic
Other_335.jpg,Other
Other_336.jpg,Recycle
Other_337.jpg,Other
Other_338.jpg,Organic
Other_339.jpg,Organic
Other_34.jpg,Recycle
Other_340.jpg,Recycle
Other_341.jpg,Recycle
Other_342.jpg,Recycle
Other_343.jpg,Recycle
Other_344.jpg,Recycle
Other_345.jpg,Recycle
Other_346.jpg,Other
Other_347.jpg,Recycle
Other_348.jpg,Recycle
Other_349.jpg,Recycle
Other_35.jpg,Recycle
Other_350.jpg,Organic
Other_351.jpg,Recycle
Other_352.jpg,Organic
Other_353.jpg,Other
Other_354.jpg,Recycle
Other_355.jpg,Recycle
Other_356.jpg,Recycle
Other_357.jpg,Recycle
Other_358.jpg,Recycle
Other_359.jpg,Recycle
Other_36.jpg,Recycle
Other_360.jpg,Recycle
Other_361.jpg,Recycle
Other_362.jpg,Recycle
Other_363.jpg,Recycle
Other_364.jpg,Recycle
Other_365.jpg,Recycle
Other_366.jpg,Recycle
Other_367.jpg,Recycle
Other_368.jpg,Organic
Other_369.jpg,Recycle
Other_37.jpg,Other
Other_370.jpg,Recycle
Other_371.jpg,Organic
Other_372.jpg,Other
Other_373.jpg,Recycle
Other_374.jpg,Recycle
Other_375.jpg,Recycle
Other_376.jpg,Recycle
Other_377.jpg,Recycle
Other_378.jpg,Recycle
Other_379.jpg,Organic
Other_38.jpg,Recycle
Other_380.jpg,Recycle
Other_381.jpg,Recycle
Other_382.jpg,Recycle
Other_383.jpg,Recycle
Other_384.jpg,Recycle
Other_385.jpg,Recycle
Other_386.jpg,Organic
Other_387.jpg,Other
Other_388.jpg,Recycle
Other_389.jpg,Organic
Other_39.jpg,Recycle
Other_390.jpg,Recycle
Other_391.jpg,Recycle
Other_392.jpg,Other
Other_393.jpg,Other
Other_394.jpg,Recycle
Other_395.jpg,Recycle
Other_396.jpg,Recycle
Other_397.jpg,Other
Other_398.jpg,Recycle
Other_399.jpg,Recycle
Other_4.jpg,Other
Other_40.jpg,Recycle
Other_400.jpg,Recycle
Other_401.jpg,Recycle
Other_402.jpg,Recycle
Other_403.jpg,Recycle
Other_404.jpg,Recycle
Other_405.jpg,Other
Other_406.jpg,Organic
Other_407.jpg,Recycle
Other_408.jpg,Recycle
Other_409.jpg,Recycle
Other_41.jpg,Recycle
Other_410.jpg,Recycle
Other_411.jpg,Recycle
Other_412.jpg,Recycle
Other_42.jpg,Recycle
Other_43.jpg,Other
Other_44.jpg,Recycle
Other_45.jpg,Recycle
Other_46.jpg,Recycle
Other_47.jpg,Recycle
Other_48.jpg,Recycle
Other_49.jpg,Recycle
Other_5.jpg,Recycle
Other_50.jpg,Recycle
Other_51.jpg,Recycle
Other_52.jpg,Recycle
Other_53.jpg,Recycle
Other_54.jpg,Organic
Other_55.jpg,Recycle
Other_56.jpg,Recycle
Other_57.jpg,Recycle
Other_58.jpg,Organic
Other_59.jpg,Recycle
Other_6.jpg,Other
Other_60.jpg,Organic
Other_61.jpg,Recycle
Other_62.jpg,Recycle
Other_63.jpg,Recycle
Other_64.jpg,Other
Other_65.jpg,Other
Other_66.jpg,Recycle
Other_67.jpg,Recycle
Other_68.jpg,Recycle
Other_69.jpg,Recycle
Other_7.jpg,Other
Other_70.jpg,Recycle
Other_71.jpg,Organic
Other_72.jpg,Recycle
Other_73.jpg,Other
Other_74.jpg,Recycle
Other_75.jpg,Recycle
Other_76.jpg,Other
Other_77.jpg,Recycle
Other_78.jpg,Organic
Other_79.jpg,Recycle
Other_8.jpg,Other
Other_80.jpg,Recycle
Other_81.jpg,Recycle
Other_82.jpg,Recycle
Other_83.jpg,Recycle
Other_84.jpg,Recycle
Other_85.jpg,Recycle
Other_86.jpg,Recycle
Other_87.jpg,Recycle
Other_88.jpg,Recycle
Other_89.jpg,Recycle
Other_9.jpg,Recycle
Other_90.jpg,Other
Other_91.jpg,Recycle
Other_92.jpg,Recycle
Other_93.jpg,Recycle
Other_94.jpg,Recycle
Other_95.jpg,Recycle
Other_96.jpg,Other
Other_97.jpg,Recycle
Other_98.jpg,Recycle
Other_99.jpg,Recycle
Recycle_0.jpg,Recycle
Recycle_1.jpg,Recycle
Recycle_10.jpg,Recycle
Recycle_100.jpg,Recycle
Recycle_101.jpg,Recycle
Recycle_102.jpg,Recycle
Recycle_103.jpg,Recycle
Recycle_104.jpg,Recycle
Recycle_105.jpg,Organic
Recycle_106.jpg,Recycle
Recycle_107.jpg,Recycle
Recycle_108.jpg,Recycle
Recycle_109.jpg,Recycle
Recycle_11.jpg,Recycle
Recycle_110.jpg,Recycle
Recycle_111.jpg,Recycle
Recycle_112.jpg,Organic
Recycle_113.jpg,Recycle
Recycle_114.jpg,Recycle
Recycle_115.jpg,Recycle
Recycle_116.jpg,Recycle
Recycle_117.jpg,Recycle
Recycle_118.jpg,Recycle
Recycle_119.jpg,Recycle
Recycle_12.jpg,Recycle
Recycle_120.jpg,Other
Recycle_121.jpg,Recycle
Recycle_122.jpg,Recycle
Recycle_123.jpg,Recycle
Recycle_124.jpg,Recycle
Recycle_125.jpg,Recycle
Recycle_126.jpg,Recycle
Recycle_127.jpg,Recycle
Recycle_128.jpg,Recycle
Recycle_129.jpg,Recycle
Recycle_13.jpg,Recycle
Recycle_130.jpg,Recycle
Recycle_131.jpg,Recycle
Recycle_132.jpg,Organic
Recycle_133.jpg,Recycle
Recycle_134.jpg,Recycle
Recycle_135.jpg,Recycle
Recycle_136.jpg,Organic
Recycle_137.jpg,Recycle
Recycle_138.jpg,Recycle
Recycle_139.jpg,Recycle
Recycle_14.jpg,Recycle
Recycle_140.jpg,Recycle
Recycle_141.jpg,Recycle
Recycle_142.jpg,Recycle
Recycle_143.jpg,Recycle
Recycle_144.jpg,Recycle
Recycle_145.jpg,Recycle
Recycle_146.jpg,Recycle
Recycle_147.jpg,Recycle
Recycle_148.jpg,Recycle
Recycle_149.jpg,Recycle
Recycle_15.jpg,Recycle
Recycle_150.jpg,Recycle
Recycle_151.jpg,Recycle
Recycle_152.jpg,Organic
Recycle_153.jpg,Recycle
Recycle_154.jpg,Organic
Recycle_155.jpg,Recycle
Recycle_156.jpg,Recycle
Recycle_157.jpg,Recycle
Recycle_158.jpg,Recycle
Recycle_159.jpg,Recycle
Recycle_16.jpg,Other
Recycle_160.jpg,Recycle
Recycle_161.jpg,Recycle
Recycle_162.jpg,Recycle
Recycle_163.jpg,Recycle
Recycle_164.jpg,Organic
Recycle_165.jpg,Recycle
Recycle_166.jpg,Recycle
Recycle_167.jpg,Recycle
Recycle_168.jpg,Recycle
Recycle_169.jpg,Recycle
Recycle_17.jpg,Other
Recycle_170.jpg,Recycle
Recycle_171.jpg,Recycle
Recycle_172.jpg,Recycle
Recycle_173.jpg,Recycle
Recycle_174.jpg,Recycle
Recycle_175.jpg,Recycle
Recycle_176.jpg,Recycle
Recycle_177.jpg,Recycle
Recycle_178.jpg,Recycle
Recycle_179.jpg,Recycle
Recycle_18.jpg,Recycle
Recycle_180.jpg,Recycle
Recycle_181.jpg,Recycle
Recycle_182.jpg,Recycle
Recycle_183.jpg,Recycle
Recycle_184.jpg,Recycle
Recycle_185.jpg,Recycle
Recycle_186.jpg,Organic
Recycle_187.jpg,Recycle
Recycle_188.jpg,Organic
Recycle_189.jpg,Recycle
Recycle_19.jpg,Recycle
Recycle_190.jpg,Recycle
Recycle_191.jpg,Other
Recycle_192.jpg,Organic
Recycle_193.jpg,Recycle
Recycle_194.jpg,Recycle
Recycle_195.jpg,Recycle
Recycle_196.jpg,Organic
Recycle_197.jpg,Recycle
Recycle_198.jpg,Other
Recycle_199.jpg,Recycle
Recycle_2.jpg,Recycle
Recycle_20.jpg,Other
Recycle_200.jpg,Organic
Recycle_201.jpg,Recycle
Recycle_202.jpg,Recycle
Recycle_203.jpg,Recycle
Recycle_204.jpg,Recycle
Recycle_205.jpg,Organic
Recycle_206.jpg,Recycle
Recycle_207.jpg,Recycle
Recycle_208.jpg,Recycle
Recycle_209.jpg,Other
Recycle_21.jpg,Other
Recycle_210.jpg,Recycle
Recycle_211.jpg,Organic
Recycle_212.jpg,Recycle
Recycle_213.jpg,Recycle
Recycle_214.jpg,Recycle
Recycle_215.jpg,Recycle
Recycle_216.jpg,Organic
Recycle_217.jpg,Recycle
Recycle_218.jpg,Recycle
Recycle_219.jpg,Recycle
Recycle_22.jpg,Organic
Recycle_220.jpg,Recycle
Recycle_221.jpg,Recycle
Recycle_222.jpg,Organic
Recycle_223.jpg,Recycle
Recycle_224.jpg,Recycle
Recycle_225.jpg,Recycle
Recycle_226.jpg,Recycle
Recycle_227.jpg,Organic
Recycle_228.jpg,Recycle
Recycle_229.jpg,Recycle
Recycle_23.jpg,Organic
Recycle_230.jpg,Recycle
Recycle_231.jpg,Organic
Recycle_232.jpg,Recycle
Recycle_233.jpg,Recycle
Recycle_234.jpg,Recycle
Recycle_235.jpg,Recycle
Recycle_236.jpg,Recycle
Recycle_237.jpg,Recycle
Recycle_238.jpg,Recycle
Recycle_239.jpg,Recycle
Recycle_24.jpg,Other
Recycle_240.jpg,Organic
Recycle_241.jpg,Recycle
Recycle_242.jpg,Recycle
Recycle_243.jpg,Organic
Recycle_244.jpg,Recycle
Recycle_245.jpg,Recycle
Recycle_246.jpg,Recycle
Recycle_247.jpg,Recycle
Recycle_248.jpg,Recycle
Recycle_249.jpg,Recycle
Recycle_25.jpg,Other
Recycle_250.jpg,Organic
Recycle_251.jpg,Organic
Recycle_252.jpg,Recycle
Recycle_253.jpg,Recycle
Recycle_254.jpg,Organic
Recycle_255.jpg,Recycle
Recycle_256.jpg,Recycle
Recycle_257.jpg,Recycle
Recycle_258.jpg,Recycle
Recycle_259.jpg,Recycle
Recycle_26.jpg,Other
Recycle_260.jpg,Recycle
Recycle_261.jpg,Recycle
Recycle_262.jpg,Recycle
Recycle_263.jpg,Recycle
Recycle_264.jpg,Recycle
Recycle_265.jpg,Organic
Recycle_266.jpg,Recycle
Recycle_267.jpg,Recycle
Recycle_268.jpg,Recycle
Recycle_269.jpg,Organic
Recycle_27.jpg,Organic
Recycle_270.jpg,Recycle
Recycle_271.jpg,Recycle
Recycle_272.jpg,Recycle
Recycle_273.jpg,Recycle
Recycle_274.jpg,Organic
Recycle_275.jpg,Recycle
Recycle_276.jpg,Recycle
Recycle_277.jpg,Recycle
Recycle_278.jpg,Recycle
Recycle_279.jpg,Recycle
Recycle_28.jpg,Organic
Recycle_280.jpg,Recycle
Recycle_281.jpg,Organic
Recycle_282.jpg,Recycle
Recycle_283.jpg,Recycle
Recycle_284.jpg,Recycle
Recycle_285.jpg,Recycle
Recycle_286.jpg,Recycle
Recycle_287.jpg,Recycle
Recycle_288.jpg,Organic
Recycle_289.jpg,Organic
Recycle_29.jpg,Other
Recycle_290.jpg,Recycle
Recycle_291.jpg,Recycle
Recycle_292.jpg,Recycle
Recycle_293.jpg,Recycle
Recycle_294.jpg,Recycle
Recycle_295.jpg,Recycle
Recycle_296.jpg,Recycle
Recycle_297.jpg,Recycle
Recycle_298.jpg,Recycle
Recycle_299.jpg,Organic
Recycle_3.jpg,Recycle
Recycle_30.jpg,Recycle
Recycle_300.jpg,Recycle
Recycle_301.jpg,Recycle
Recycle_302.jpg,Recycle
Recycle_303.jpg,Recycle
Recycle_304.jpg,Recycle
Recycle_305.jpg,Recycle
Recycle_306.jpg,Recycle
Recycle_307.jpg,Recycle
Recycle_308.jpg,Recycle
Recycle_309.jpg,Organic
Recycle_31.jpg,Recycle
Recycle_310.jpg,Recycle
Recycle_311.jpg,Recycle
Recycle_312.jpg,Recycle
Recycle_313.jpg,Recycle
Recycle_314.jpg,Recycle
Recycle_315.jpg,Recycle
Recycle_316.jpg,Recycle
Recycle_317.jpg,Recycle
Recycle_318.jpg,Recycle
Recycle_319.jpg,Recycle
Recycle_32.jpg,Organic
Recycle_320.jpg,Organic
Recycle_321.jpg,Recycle
Recycle_322.jpg,Recycle
Recycle_323.jpg,Recycle
Recycle_324.jpg,Recycle
Recycle_325.jpg,Recycle
Recycle_326.jpg,Recycle
Recycle_327.jpg,Recycle
Recycle_328.jpg,Recycle
Recycle_329.jpg,Recycle
Recycle_33.jpg,Recycle
Recycle_330.jpg,Recycle
Recycle_331.jpg,Recycle
Recycle_332.jpg,Recycle
Recycle_333.jpg,Recycle
Recycle_334.jpg,Recycle
Recycle_335.jpg,Organic
Recycle_336.jpg,Organic
Recycle_337.jpg,Recycle
Recycle_338.jpg,Organic
Recycle_339.jpg,Recycle
Recycle_34.jpg,Recycle
Recycle_340.jpg,Recycle
Recycle_341.jpg,Organic
Recycle_342.jpg,Recycle
Recycle_343.jpg,Recycle
Recycle_344.jpg,Recycle
Recycle_345.jpg,Recycle
Recycle_346.jpg,Recycle
Recycle_347.jpg,Organic
Recycle_348.jpg,Recycle
Recycle_349.jpg,Recycle
Recycle_35.jpg,Recycle
Recycle_350.jpg,Recycle
Recycle_351.jpg,Organic
Recycle_352.jpg,Recycle
Recycle_353.jpg,Recycle
Recycle_354.jpg,Recycle
Recycle_355.jpg,Recycle
Recycle_356.jpg,Recycle
Recycle_357.jpg,Recycle
Recycle_358.jpg,Recycle
Recycle_359.jpg,Recycle
Recycle_36.jpg,Recycle
Recycle_360.jpg,Recycle
Recycle_361.jpg,Recycle
Recycle_362.jpg,Recycle
Recycle_363.jpg,Recycle
Recycle_364.jpg,Recycle
Recycle_365.jpg,Recycle
Recycle_366.jpg,Recycle
Recycle_367.jpg,Recycle
Recycle_368.jpg,Recycle
Recycle_369.jpg,Recycle
Recycle_37.jpg,Recycle
Recycle_370.jpg,Recycle
Recycle_371.jpg,Recycle
Recycle_372.jpg,Recycle
Recycle_373.jpg,Recycle
Recycle_374.jpg,Recycle
Recycle_375.jpg,Recycle
Recycle_376.jpg,Recycle
Recycle_377.jpg,Recycle
Recycle_378.jpg,Recycle
Recycle_379.jpg,Recycle
Recycle_38.jpg,Organic
Recycle_380.jpg,Recycle
Recycle_381.jpg,Recycle
Recycle_382.jpg,Recycle
Recycle_383.jpg,Organic
Recycle_384.jpg,Recycle
Recycle_385.jpg,Recycle
Recycle_386.jpg,Recycle
Recycle_387.jpg,Recycle
Recycle_388.jpg,Organic
Recycle_389.jpg,Organic
Recycle_39.jpg,Recycle
Recycle_390.jpg,Recycle
Recycle_391.jpg,Recycle
Recycle_392.jpg,Recycle
Recycle_393.jpg,Organic
Recycle_394.jpg,Recycle
Recycle_395.jpg,Recycle
Recycle_396.jpg,Recycle
Recycle_397.jpg,Recycle
Recycle_398.jpg,Organic
Recycle_399.jpg,Organic
Recycle_4.jpg,Recycle
Recycle_40.jpg,Organic
Recycle_400.jpg,Organic
Recycle_401.jpg,Organic
Recycle_402.jpg,Other
Recycle_403.jpg,Recycle
Recycle_404.jpg,Recycle
Recycle_405.jpg,Recycle
Recycle_406.jpg,Recycle
Recycle_407.jpg,Recycle
Recycle_408.jpg,Recycle
Recycle_409.jpg,Recycle
Recycle_41.jpg,Recycle
Recycle_410.jpg,Recycle
Recycle_411.jpg,Recycle
Recycle_412.jpg,Organic
Recycle_413.jpg,Recycle
Recycle_414.jpg,Recycle
Recycle_415.jpg,Recycle
Recycle_416.jpg,Recycle
Recycle_417.jpg,Recycle
Recycle_418.jpg,Other
Recycle_419.jpg,Recycle
Recycle_42.jpg,Recycle
Recycle_420.jpg,Recycle
Recycle_421.jpg,Recycle
Recycle_422.jpg,Recycle
Recycle_423.jpg,Recycle
Recycle_424.jpg,Recycle
Recycle_425.jpg,Organic
Recycle_426.jpg,Recycle
Recycle_427.jpg,Recycle
Recycle_428.jpg,Organic
Recycle_429.jpg,Organic
Recycle_43.jpg,Recycle
Recycle_430.jpg,Recycle
Recycle_431.jpg,Recycle
Recycle_432.jpg,Recycle
Recycle_433.jpg,Organic
Recycle_434.jpg,Recycle
Recycle_435.jpg,Recycle
Recycle_436.jpg,Recycle
Recycle_437.jpg,Recycle
Recycle_438.jpg,Recycle
Recycle_439.jpg,Recycle
Recycle_44.jpg,Recycle
Recycle_440.jpg,Recycle
Recycle_441.jpg,Recycle
Recycle_442.jpg,Recycle
Recycle_443.jpg,Recycle
Recycle_444.jpg,Recycle
Recycle_445.jpg,Recycle
Recycle_446.jpg,Organic
Recycle_447.jpg,Organic
Recycle_448.jpg,Organic
Recycle_449.jpg,Recycle
Recycle_45.jpg,Recycle
Recycle_450.jpg,Organic
Recycle_451.jpg,Organic
Recycle_452.jpg,Recycle
Recycle_453.jpg,Organic
Recycle_454.jpg,Recycle
Recycle_455.jpg,Organic
Recycle_456.jpg,Recycle
Recycle_457.jpg,Organic
Recycle_458.jpg,Recycle
Recycle_459.jpg,Organic
Recycle_46.jpg,Recycle
Recycle_460.jpg,Recycle
Recycle_461.jpg,Organic
Recycle_462.jpg,Recycle
Recycle_463.jpg,Recycle
Recycle_464.jpg,Recycle
Recycle_465.jpg,Recycle
Recycle_466.jpg,Recycle
Recycle_467.jpg,Recycle
Recycle_468.jpg,Recycle
Recycle_469.jpg,Recycle
Recycle_47.jpg,Recycle
Recycle_470.jpg,Recycle
Recycle_471.jpg,Recycle
Recycle_472.jpg,Recycle
Recycle_473.jpg,Recycle
Recycle_474.jpg,Other
Recycle_475.jpg,Recycle
Recycle_476.jpg,Organic
Recycle_477.jpg,Recycle
Recycle_478.jpg,Recycle
Recycle_479.jpg,Organic
Recycle_48.jpg,Recycle
Recycle_480.jpg,Recycle
Recycle_481.jpg,Recycle
Recycle_482.jpg,Recycle
Recycle_483.jpg,Recycle
Recycle_484.jpg,Recycle
Recycle_485.jpg,Recycle
Recycle_486.jpg,Organic
Recycle_487.jpg,Recycle
Recycle_488.jpg,Recycle
Recycle_489.jpg,Recycle
Recycle_49.jpg,Recycle
Recycle_490.jpg,Recycle
Recycle_491.jpg,Recycle
Recycle_492.jpg,Organic
Recycle_493.jpg,Recycle
Recycle_494.jpg,Recycle
Recycle_495.jpg,Organic
Recycle_496.jpg,Organic
Recycle_497.jpg,Recycle
Recycle_498.jpg,Organic
Recycle_499.jpg,Organic
Recycle_5.jpg,Other
Recycle_50.jpg,Organic
Recycle_500.jpg,Recycle
Recycle_501.jpg,Organic
Recycle_502.jpg,Other
Recycle_503.jpg,Organic
Recycle_504.jpg,Organic
Recycle_505.jpg,Recycle
Recycle_506.jpg,Recycle
Recycle_507.jpg,Recycle
Recycle_508.jpg,Other
Recycle_509.jpg,Recycle
Recycle_51.jpg,Recycle
Recycle_510.jpg,Recycle
Recycle_511.jpg,Recycle
Recycle_512.jpg,Recycle
Recycle_513.jpg,Recycle
Recycle_514.jpg,Recycle
Recycle_515.jpg,Recycle
Recycle_516.jpg,Recycle
Recycle_517.jpg,Recycle
Recycle_518.jpg,Recycle
Recycle_519.jpg,Recycle
Recycle_52.jpg,Recycle
Recycle_520.jpg,Recycle
Recycle_521.jpg,Organic
Recycle_522.jpg,Recycle
Recycle_523.jpg,Recycle
Recycle_524.jpg,Recycle
Recycle_525.jpg,Recycle
Recycle_526.jpg,Recycle
Recycle_527.jpg,Recycle
Recycle_528.jpg,Organic
Recycle_529.jpg,Recycle
Recycle_53.jpg,Recycle
Recycle_530.jpg,Organic
Recycle_531.jpg,Recycle
Recycle_532.jpg,Recycle
Recycle_533.jpg,Recycle
Recycle_534.jpg,Recycle
Recycle_535.jpg,Organic
Recycle_536.jpg,Organic
Recycle_537.jpg,Recycle
Recycle_538.jpg,Recycle
Recycle_539.jpg,Recycle
Recycle_54.jpg,Recycle
Recycle_540.jpg,Recycle
Recycle_541.jpg,Recycle
Recycle_542.jpg,Recycle
Recycle_543.jpg,Recycle
Recycle_544.jpg,Organic
Recycle_545.jpg,Recycle
Recycle_546.jpg,Recycle
Recycle_547.jpg,Recycle
Recycle_548.jpg,Recycle
Recycle_549.jpg,Recycle
Recycle_55.jpg,Recycle
Recycle_550.jpg,Recycle
Recycle_551.jpg,Recycle
Recycle_552.jpg,Organic
Recycle_553.jpg,Organic
Recycle_554.jpg,Recycle
Recycle_555.jpg,Organic
Recycle_556.jpg,Recycle
Recycle_557.jpg,Organic
Recycle_558.jpg,Recycle
Recycle_559.jpg,Recycle
Recycle_56.jpg,Recycle
Recycle_560.jpg,Recycle
Recycle_561.jpg,Recycle
Recycle_562.jpg,Organic
Recycle_563.jpg,Organic
Recycle_564.jpg,Recycle
Recycle_565.jpg,Recycle
Recycle_566.jpg,Recycle
Recycle_567.jpg,Recycle
Recycle_568.jpg,Organic
Recycle_569.jpg,Recycle
Recycle_57.jpg,Recycle
Recycle_570.jpg,Recycle
Recycle_571.jpg,Recycle
Recycle_572.jpg,Recycle
Recycle_573.jpg,Organic
Recycle_574.jpg,Organic
Recycle_575.jpg,Recycle
Recycle_576.jpg,Recycle
Recycle_577.jpg,Recycle
Recycle_578.jpg,Recycle
Recycle_579.jpg,Organic
Recycle_58.jpg,Recycle
Recycle_580.jpg,Other
Recycle_581.jpg,Recycle
Recycle_582.jpg,Recycle
Recycle_583.jpg,Organic
Recycle_584.jpg,Recycle
Recycle_585.jpg,Recycle
Recycle_586.jpg,Organic
Recycle_587.jpg,Recycle
Recycle_588.jpg,Recycle
Recycle_589.jpg,Organic
Recycle_59.jpg,Recycle
Recycle_590.jpg,Recycle
Recycle_591.jpg,Recycle
Recycle_592.jpg,Recycle
Recycle_593.jpg,Organic
Recycle_594.jpg,Recycle
Recycle_595.jpg,Recycle
Recycle_596.jpg,Recycle
Recycle_597.jpg,Organic
Recycle_598.jpg,Recycle
Recycle_599.jpg,Recycle
Recycle_6.jpg,Recycle
Recycle_60.jpg,Recycle
Recycle_600.jpg,Recycle
Recycle_601.jpg,Recycle
Recycle_602.jpg,Recycle
Recycle_603.jpg,Recycle
Recycle_604.jpg,Recycle
Recycle_605.jpg,Recycle
Recycle_606.jpg,Recycle
Recycle_607.jpg,Recycle
Recycle_608.jpg,Recycle
Recycle_609.jpg,Organic
Recycle_61.jpg,Recycle
Recycle_610.jpg,Recycle
Recycle_611.jpg,Recycle
Recycle_612.jpg,Recycle
Recycle_613.jpg,Recycle
Recycle_614.jpg,Recycle
Recycle_615.jpg,Organic
Recycle_616.jpg,Organic
Recycle_617.jpg,Organic
Recycle_618.jpg,Recycle
Recycle_619.jpg,Other
Recycle_62.jpg,Organic
Recycle_620.jpg,Recycle
Recycle_621.jpg,Organic
Recycle_622.jpg,Recycle
Recycle_623.jpg,Organic
Recycle_624.jpg,Recycle
Recycle_625.jpg,Organic
Recycle_626.jpg,Organic
Recycle_627.jpg,Recycle
Recycle_628.jpg,Recycle
Recycle_629.jpg,Organic
Recycle_63.jpg,Organic
Recycle_630.jpg,Organic
Recycle_631.jpg,Other
Recycle_632.jpg,Recycle
Recycle_633.jpg,Recycle
Recycle_634.jpg,Organic
Recycle_635.jpg,Recycle
Recycle_636.jpg,Recycle
Recycle_637.jpg,Organic
Recycle_638.jpg,Organic
Recycle_639.jpg,Recycle
Recycle_64.jpg,Recycle
Recycle_640.jpg,Recycle
Recycle_641.jpg,Organic
Recycle_642.jpg,Recycle
Recycle_643.jpg,Recycle
Recycle_644.jpg,Recycle
Recycle_645.jpg,Recycle
Recycle_646.jpg,Organic
Recycle_647.jpg,Organic
Recycle_648.jpg,Organic
Recycle_649.jpg,Other
Recycle_65.jpg,Recycle
Recycle_650.jpg,Organic
Recycle_651.jpg,Organic
Recycle_652.jpg,Recycle
Recycle_653.jpg,Organic
Recycle_654.jpg,Recycle
Recycle_655.jpg,Recycle
Recycle_656.jpg,Recycle
Recycle_657.jpg,Organic
Recycle_658.jpg,Recycle
Recycle_659.jpg,Recycle
Recycle_66.jpg,Recycle
Recycle_660.jpg,Organic
Recycle_661.jpg,Recycle
Recycle_662.jpg,Recycle
Recycle_663.jpg,Recycle
Recycle_664.jpg,Recycle
Recycle_67.jpg,Recycle
Recycle_68.jpg,Recycle
Recycle_69.jpg,Recycle
Recycle_7.jpg,Recycle
Recycle_70.jpg,Recycle
Recycle_71.jpg,Recycle
Recycle_72.jpg,Recycle
Recycle_73.jpg,Recycle
Recycle_74.jpg,Organic
Recycle_75.jpg,Recycle
Recycle_76.jpg,Recycle
Recycle_77.jpg,Recycle
Recycle_78.jpg,Organic
Recycle_79.jpg,Recycle
Recycle_8.jpg,Recycle
Recycle_80.jpg,Recycle
Recycle_81.jpg,Recycle
Recycle_82.jpg,Recycle
Recycle_83.jpg,Organic
Recycle_84.jpg,Organic
Recycle_85.jpg,Organic
Recycle_86.jpg,Recycle
Recycle_87.jpg,Recycle
Recycle_88.jpg,Recycle
Recycle_89.jpg,Recycle
Recycle_9.jpg,Recycle
Recycle_90.jpg,Recycle
Recycle_91.jpg,Recycle
Recycle_92.jpg,Recycle
Recycle_93.jpg,Recycle
Recycle_94.jpg,Recycle
Recycle_95.jpg,Recycle
Recycle_96.jpg,Recycle
Recycle_97.jpg,Recycle
Recycle_98.jpg,Recycle
Recycle_99.jpg,Recycle
